"keys","en","uk"
"loc_keys","english","ukrainian"
"LANGUAGE","English","Ukrainian"
"LANGUAGE_EN","English","Англійська"
"LANGUAGE_FR","Français","Французька"
"LANGUAGE_ZH","中文","Китайська"
"LANGUAGE_JA","日本語","Японська"
"LANGUAGE_KO","한국어","Корейська"
"LANGUAGE_RU","Русский язык","Москальська"
"LANGUAGE_PL","Polski","Польська"
"LANGUAGE_ES","Español","Іспанська"
"LANGUAGE_PT","Português","Португальська"
"LANGUAGE_DE","Deutsch","Німецька"
"LANGUAGE_ZH_TW","繁体中文","Традиційна китайська"
"LANGUAGE_TR","Türk","Турецька"
"LANGUAGE_IT","Italiano","Італійська"
"LANGUAGE_UK","Українська","Українська"
"MENU_QUIT","Quit","Вийти"
"MENU_GRAPHICS","Graphics","Графіка"
"MENU_GAMEPLAY","Gameplay","Ігролад"
"MENU_ACCESSIBILITY","Accessibility","Доступність"
"MENU_RETURN_MAIN","Return to Main Menu","Повернутися в меню"
"MENU_RETURN_MAIN_QUESTION","Return to Main Menu?","Повернутися до головного меню?"
"MENU_LANGUAGE","Language","Мова"
"MENU_BACK","Back","Назад"
"MENU_NO","No","Ніт"
"MENU_YES","Yes","Так"
"MENU_OPTIONS","Options","Налаштування"
"MENU_START","Start","Грати"
"MENU_COMMUNITY","Community","Спільнота"
"MENU_AUDIO","Audio","Аудіо"
"MENU_RESUME","Resume","Продовжити"
"MENU_GO","Go","Погнали"
"MENU_BUY","Buy","Купити"
"MENU_SHOP","Shop","Магазин"
"MENU_CREDITS","Credits","Автори"
"MENU_NEWSLETTER","Newsletter","Газета"
"MENU_MORE_GAMES","More Games","Більше ігор"
"MENU_PROGRESS","Progress","Прогрес"
"MENU_TAKE","Take","Взяти"
"MENU_DISCARD","Discard","Викинути"
"MENU_CHOOSE","Choose","Вибрати"
"MENU_RECYCLE","Recycle","Переробити"
"MENU_COMBINE","Combine","Об'єднати"
"MENU_MUSIC","Music","Музика"
"MENU_SOUND","Sound","Звуки"
"MENU_MASTER","Master","Загальна гучність"
"MENU_CANCEL","Cancel","Скасувати"
"MENU_VIDEO","Video","Відео"
"MENU_RESTART","Restart","Перезапустити"
"MENU_RETRY","Retry","Спробувати ще"
"MENU_NEW_RUN","New Run","Новий забіг"
"MENU_RESTART_QUESTION","Restart the run?","Перезапустити забіг?"
"MENU_LOCK","Lock","Закріпити"
"MUTATION","Mutation","Мутація"
"WAVE","Wave {0}","Хвиля {0}"
"LEVEL_UP","Level up!","Рівень підвищено!"
"REROLL","Reroll","Перетосувати"
"ITEMS","Items","Предмети"
"WEAPONS","Weapons","Зброя"
"STATS","Stats","Характеристики"
"RUN_LOST","Run Lost","Поразка"
"RUN_WON","Run Won","Перемога"
"RUN_STATS","Run Stats","Статистика забігу"
"CHALLENGES_COMPLETED","Challenges Completed","Випробування виконані"
"CHARACTER_SELECTION","Character Selection","Вибір персонажа"
"WEAPON_SELECTION","Weapon Selection","Вибір зброї"
"DIFFICULTY_SELECTION","Difficulty Selection","Вибір складності"
"RANDOM","Random","Випадкове"
"WISHLIST","Wishlist","В бажане"
"NB_WEAPONS","{0} weapons","{0} зброї"
"NEW_ENDLESS_WAVE_HIGH_SCORE","New high score! You survived wave {0} on {1}{2} with this character. (endless mode)","Новий рекорд! Ви пережили хвилю {0} на {1}{2} за цього персонажа. (Нескінченний режим)"
"MENU_OPTIONS_GRAPHICS","Graphics Options","Налаштування графіки"
"MENU_OPTIONS_MUSIC_VOLUME","Music volume","Гучність музики"
"MENU_OPTIONS_RESOLUTION","Resolution","Роздільність"
"MENU_OPTIONS_SFX_VOLUME","Sound effect volume","Гучність звукових ефектів"
"MENU_OPTIONS_SOUND","Sound Options","Налаштування звуку"
"MENU_OPTIONS_WINDOWED","Windowed","У вікні"
"MENU_OPTIONS_FULLSCREEN","Fullscreen","На весь екран"
"MENU_OPTIONS_CONTROLS","Controls","Керування"
"MENU_OPTIONS_SOUND_VOLUME","Volume","Гучність"
"MENU_OPTIONS_SCREENSHAKE","Screenshake","Трясіння екрана"
"MENU_OPTIONS_MOUSE_ONLY","Mouse Only","Тільки миша"
"MENU_OPTIONS_MANUAL_AIM","Manual Aim","Ручне прицілювання"
"MENU_OPTIONS_VISUAL_EFFECTS","Visual Effects","Візуальні ефекти"
"MENU_DAMAGE_DISPLAY","Damage Display","Відображення пошкоджень"
"MENU_CHAR_HIGHLIGHTING","Character Highlighting","Підсвічування персонажа"
"MENU_WEAPON_HIGHLIGHTING","Weapons Highlighting","Підсвічування зброї"
"MENU_FONT_SIZE","Font Size","Розмір шрифту"
"MENU_BACKGROUND","Background","Тло"
"MENU_HP_BAR_ON_CHAR","HP bar on character","Полоска здоров'я на персонажі"
"REWARD","Reward","Нагорода"
"TIER_COMMON","Common","Звичайне"
"TIER_UNCOMMON","Uncommon","Незвичайне"
"TIER_RARE","Rare","Рідкісне"
"TIER_LEGENDARY","Legendary","Легендарне"
"NO_RECORDS_YET","None yet","Поки немає"
"RECORDS","Records","Рекорди"
"MAX_DIFFICULTY_BEATEN","Max difficulty beaten","Макс. складність пройдена"
"MAX_ENDLESS_WAVE_BEATEN","Endless max wave","Макс. хвиль в нескінченному"
"DIFFICULTY","Difficulty","Складність"
"MATERIALS","Materials","Матеріали"
"WAVE_COMPLETED","Wave Completed!","Хвиля завершена!"
"ITEM_FOUND","Item found!","Знайдено предмет!"
"CATEGORY_ITEM","Item","Предмет"
"CATEGORY_WEAPON","Weapon","Зброя"
"DAMAGE_FORMATTED","{0}: {1}","{0}: {1}"
"RANGE_FORMATTED","{0}: {1} ({2})","{0}: {1} ({2})"
"STAT_FORMATTED","{0}: {1}","{0}: {1}"
"PIERCING_FORMATTED","{0}: {1} (-{2}% damage)","{0}: {1} (-{2}% шкоди)"
"COOLDOWN","Cooldown","Перезаряджання"
"DEALS_DAMAGE_ON_RETURN","Also deals damage on return","Завдає шкоди у відповідь"
"ALTERNATES_ATTACK_TYPE","Alternates between thrusting and sweeping attacks","Колить та рубає"
"CRITICAL_FORMATTED","{0}: {1} ({2}% chance)","{0}: {1} ({2}% шанс)"
"CRITICAL","Critical","Критичний"
"MELEE","Melee","Ближній"
"RANGED","Ranged","Дальній"
"TIER_I","I","I"
"TIER_II","II","II"
"TIER_III","III","III"
"TIER_IV","IV","IV"
"STAT_MAX_HP","Max HP","Макс. ОЗ"
"STAT_DAMAGE","Damage","Шкоди"
"STAT_CRIT_CHANCE","% Crit Chance","% Шанс крита"
"STAT_LUCK","Luck","Удачі"
"STAT_CRIT_DAMAGE","% Crit Damage","% Шкоди крита"
"STAT_ELEMENTAL_DAMAGE","Elemental Damage","Стихійної шкоди"
"STAT_ARMOR","Armor","Броні"
"STAT_HP_REGENERATION","HP Regeneration","Регенерації ОЗ"
"STAT_LIFESTEAL","% Life Steal","% Вампіризму"
"STAT_MELEE_DAMAGE","Melee Damage","Ближньої шкоди"
"STAT_PERCENT_DAMAGE","% Damage","% Шкоди"
"STAT_DODGE","% Dodge","% Ухиляння"
"STAT_ENGINEERING","Engineering","Інженерії"
"STAT_RANGE","Range","Дальності"
"STAT_RANGED_DAMAGE","Ranged Damage","Дальньої шкоди"
"STAT_SPEED","% Speed","% Швидкості"
"STAT_ACCURACY","% Accuracy","% Точності"
"STAT_ATTACK_SPEED","% Attack Speed","% Швидкості атаки"
"STAT_HARVESTING","Harvesting","Жниварства"
"ACCURACY","Accuracy","Точності"
"WEAPON_SLOT","Weapon Slot","Комірка для зброї"
"XP_GAIN","% XP Gain","% Приріст досвіду"
"ITEMS_PRICE","% Items Price","% Вартості предметів"
"MAP_SIZE","Map Size","Розміру мапи"
"MENU_ENEMY_SPEED","Enemy speed","Швидкість ворогів"
"MENU_ENEMY_HEALTH","Enemy health","Здоров'я ворогів"
"MENU_ENEMY_DAMAGE","Enemy damage","Шкода ворогів"
"NUMBER_OF_ENEMIES","Enemies","Ворогів"
"PIERCING","Piercing","Проникання"
"PIERCING_DAMAGE","% Piercing Damage","% Пробиваючої шкоди"
"BOUNCE","Bounces","Рикошетів"
"BOUNCE_DAMAGE","% Bounce Damage","% Шкоди рикошетів"
"EXPLOSION_DAMAGE","% Explosion Damage","% Шкоди вибухів"
"EXPLOSION_SIZE","% Explosion Size","% Радіусу вибухів"
"DODGE","Dodge","Ухиляння"
"KNOCKBACK","Knockback","Відкидання"
"LIFESTEAL","Life Steal","Вампіризму"
"DAMAGE_SCALING","Affected by {0} of {1}","Під впливом {0} від {1}"
"INFO_POS_STAT_MAX_HP","You can take {0} damage before dying","Ви можете отримати {0} одиниць шкоди перед смертю"
"INFO_NEG_STAT_MAX_HP","You can take 1 damage before dying","Ви можете отримати 1 шкоду перед тим як померти"
"INFO_POS_STAT_DAMAGE","Your attacks deal {0} additional damage","Ваші атаки завдають на {0} більше шкоди"
"INFO_NEG_STAT_DAMAGE","Your attacks deal {0} less damage","Ваші атаки завдають на {0} менше шкоди"
"INFO_POS_STAT_CRIT_CHANCE","Your attacks have a {0} chance to deal more damage","Ваші атаки мають {0} шанс завдати більше шкоди"
"INFO_NEG_STAT_CRIT_CHANCE","Your attacks have {0} less chance to deal more damage","Ваші атаки мають на {0} менший шанс завдати більше шкоди"
"INFO_POS_STAT_LUCK","You have {0} more chance of finding items or consumables when you kill enemies. Also increases the rarity of items in the shop and level upgrades.","Ви маєте на {0} більше шанс знайти предмети або фрукти при вбивстві ворога. Також збільшує рідкість предметів у крамниці та покращень рівня."
"INFO_NEG_STAT_LUCK","You have {0} less chance of finding items or consumables when you kill enemies. Also reduces the rarity of items in the shop and level upgrades.","Ви маєте на {0} менше шанс знайти предмети або фрукти при вбивстві ворога. Також збільшує рідкість предметів у крамниці та покращень рівня."
"INFO_POS_STAT_CRIT_DAMAGE","Your critical hits deal {0} more damage","Ваші критичні удари завдають на {0} більше шкоди"
"INFO_NEG_STAT_CRIT_DAMAGE","Your critical hits deal {0} less damage. Can’t go below base damage.","Ваші критичні удари завдають на {0} менше шкоди. Не може "
"INFO_POS_STAT_ELEMENTAL_DAMAGE","Elemental damage is increased by {0}","Стихійна шкода більше на {0}"
"INFO_NEG_STAT_ELEMENTAL_DAMAGE","Elemental damage is reduced by {0}","Стихійна шкода менше на {0}"
"INFO_POS_STAT_ARMOR","You take {0} less damage","Ви отримуєте на {0} менше шкоди"
"INFO_NEG_STAT_ARMOR","You take {0} more damage","Ви отримуєте на {0} більше шкоди"
"INFO_POS_STAT_HP_REGENERATION","You regenerate {0} HP every {1} seconds ({2} HP / second)","Ви регенеруєте {0} ОЗ кожні {1} секунди ({2} ОЗ/с)"
"INFO_NEG_STAT_HP_REGENERATION","You regenerate 0 HP every 5 seconds","Ви регенеруєте 0 ОЗ кожні 5 секунд"
"INFO_POS_STAT_LIFESTEAL","Your attacks have a {0} chance to heal you for 1 HP. Max: {1} HP / second","Ваші атаки мають {0} шанс зцілити вас на 1 ОЗ. Макс: {1} ОЗ/с"
"INFO_NEG_STAT_LIFESTEAL","Your attacks have a 0% chance to heal you for 1 HP. Max: {1} HP / second","Ваші атаки мають 0% шанс зцілити вас на 1 ОЗ. Макс: {1} ОЗ/с"
"INFO_POS_STAT_MELEE_DAMAGE","Your melee attacks deal {0} additional damage","Ваші атаки ближнього бою завдають на {0} більше шкоди"
"INFO_NEG_STAT_MELEE_DAMAGE","Your melee attacks deal {0} less damage","Ваші атаки ближнього бою завдають на {0} менше шкоди"
"INFO_POS_STAT_PERCENT_DAMAGE","Your attacks deal {0} more damage","Ваші атаки завдають на {0} більше шкоди"
"INFO_NEG_STAT_PERCENT_DAMAGE","Your attacks deal {0} less damage","Ваші атаки завдають на {0} менше шкоди"
"INFO_POS_STAT_DODGE","You have a {0} chance to dodge attacks. Max: {1}","Ви маєте {0} шанс ухилитися від атаки. Макс: {1}"
"INFO_NEG_STAT_DODGE","You have a 0% chance to dodge attacks. Max: {1}","Ви маєте 0% шанс ухилитися від атаки. Макс: {1}"
"INFO_POS_STAT_ENGINEERING","Increases the power of your structures. Other primary stats don’t affect structures but secondary stats do. (piercing, bouncing, explosion size etc.)","Збільшує силу ваших споруд. Інші первинні характеристики не впливають на споруди, але вторинні - впливають. (пробивання, відскок, розмір вибуху і т.д.)"
"INFO_NEG_STAT_ENGINEERING","Decreases the power of your structures. Other primary stats don’t affect structures but secondary stats do. (piercing, bouncing, explosion size etc.)","Зменшує силу ваших структур. Інші первинні статистики не впливають на споруди, але вторинні - впливають. (пробивання, відскок, розмір вибуху і т.д.)"
"INFO_POS_STAT_RANGE","The max range of your weapons is increased by {0}. Half as effective on melee weapons. A higher range also increases the cooldown of melee weapons. (longer travel distance)","Максимальна дальність вашої зброї збільшується на {0}. Вдвічі менша ефективність зброї ближнього бою. Більша дальність також збільшує час перезаряджання зброї ближнього бою. (більша відстань переміщення)"
"INFO_NEG_STAT_RANGE","The max range of your weapons is reduced by {0}. Half as effective on melee weapons. A lower range also decreases the cooldown of melee weapons. (shorter travel distance)","Максимальна дальність вашої зброї зменшується на {0}. Вдвічі менша ефективність для зброї ближнього бою. Менша дальність також зменшує час перезаряджання зброї ближнього бою. (менша відстань переміщення)"
"INFO_POS_STAT_RANGED_DAMAGE","Your ranged attacks deal {0} additional damage","Ваші атаки дальнього бою завдають на {0} більше шкоди"
"INFO_NEG_STAT_RANGED_DAMAGE","Your ranged attacks deal {0} less damage","Ваші атаки дальнього бою завдають на {0} менше шкоди"
"INFO_POS_STAT_SPEED","You move {0} faster","Ви рухаєтеся на {0} швидше"
"INFO_NEG_STAT_SPEED","You move {0} slower","Ви рухаєтеся на {0} повільніше"
"INFO_POS_STAT_ACCURACY","Reduces the chance to miss with weapons by {0}. A miss only deals 25% damage. Also reduces the bullet spread of Ranged Weapons.","Зменшує шанс промаху зі зброї на {0}. Промах завдає лише 25% шкоди. Також зменшує розсіювання куль при стрільбі зі зброї дальнього бою."
"INFO_NEG_STAT_ACCURACY","Increases the chance to miss with weapons by {0}. A miss only deals 25% damage. Also increases the bullet spread of Ranged Weapons.","Збільшує шанс промаху зі зброї на {0}. Промах завдає лише 25% шкоди. Також збільшує розкид куль для зброї дальнього бою."
"INFO_POS_STAT_ATTACK_SPEED","You attack {0} faster. Also applies to Ranged weapons.","Ви атакуєте на {0} швидше."
"INFO_NEG_STAT_ATTACK_SPEED","You attack {0} slower. Also applies to Ranged weapons.","Ви атакуєте на {0} повільніше"
"INFO_POS_STAT_HARVESTING","You earn {0} materials and XP at the end of a wave. Increases by {1} every time it activates until wave {2}.","Наприкінці хвилі ви отримуєте {0} матеріалів і досвіду. Збільшується на {1} при кожній активації до хвилі {2}."
"INFO_POS_STAT_HARVESTING_LIMITED","You earn {0} materials and XP at the end of a wave. Increases by {1} every time it activates until wave {2}, then decreases by {3} instead.","Наприкінці хвилі ви отримуєте {0} матеріалів і XP. Збільшується на {1} при кожній активації до хвилі {2}, після чого навпаки зменшується на {3}."
"INFO_NEG_STAT_HARVESTING","You lose {0} materials at the end of a wave.","Ви втрачаєте {0} матеріалів наприкінці хвиді"
"INFO_BONUS_GOLD","The amount of materials that you haven’t picked up during last wave. The value of the next {0} dropped materials will be doubled.","Кількість матеріалів, які ви не забрали під час останньої хвилі буде компенсована подвоєнню вартості наступних {0} матеріалів, що випадуть."
"INFO_LEVEL_UP","You have gained a level during the wave which means you get to choose a new upgrade.","Ви підвищили рівень під час хвили, тому ви можете вибрати нове покращення."
"INFO_ITEM_BOX","You have found an item during the wave.","Ви знайшли предмет під час хвилі."
"ITEM","Item","Предмет"
"CHARACTER","Character","Персонаж"
"WEAPON_CLASS","Class","Клас"
"WEAPON_CLASS_PRIMITIVE","Primitive","Примітивність"
"WEAPON_CLASS_PRECISE","Precise","Точність"
"WEAPON_CLASS_BLADE","Blade","Лезо"
"WEAPON_CLASS_BLUNT","Blunt","Тупе"
"WEAPON_CLASS_ELEMENTAL","Elemental","Стихійне"
"WEAPON_CLASS_GUN","Gun","Вогнепал"
"WEAPON_CLASS_HEAVY","Heavy","Важке"
"WEAPON_CLASS_UNARMED","Unarmed","Беззбройне"
"WEAPON_CLASS_NONE","None","Немає"
"WEAPON_CLASS_SUPPORT","Support","Підтримка"
"WEAPON_CLASS_ETHEREAL","Ethereal","Ефірне"
"WEAPON_CLASS_MEDICAL","Medical","Медичне"
"WEAPON_CLASS_TOOL","Tool","Інструмент"
"WEAPON_CLASS_EXPLOSIVE","Explosive","Вибухівка"
"WEAPON_HAMMER","Hammer","Молот"
"WEAPON_CIRCULAR_SAW","Circular Saw","Циркулярна пила"
"WEAPON_MINIGUN","Minigun","Мініґан"
"WEAPON_SPEAR","Spear","Спис"
"WEAPON_FIST","Fist","Кулак"
"WEAPON_TASER","Taser","Електрошокер"
"WEAPON_PISTOL","Pistol","Пістолет"
"WEAPON_SMG","SMG","Пістолет-кулемет"
"WEAPON_ROCKET_LAUNCHER","Rocket Launcher","Ракетниця"
"WEAPON_FLAMETHROWER","Flamethrower","Кацапосмажилка"
"WEAPON_STICK","Stick","Патик"
"WEAPON_TORCH","Torch","Смолоскип"
"WEAPON_FLAMING_BRASS_KNUCKLES","Flaming Brass Knuckles","Полум'яний кастет"
"WEAPON_KNIFE","Knife","Ніж"
"WEAPON_BRASS_KNUCKLES","Brass Knuckles","Кастет"
"WEAPON_ROCK","Rock","Камінь"
"WEAPON_DOUBLE_BARREL_SHOTGUN","Double Barrel Shotgun","Двухстволка"
"WEAPON_HAND","Hand","Рука"
"WEAPON_WAND","Wand","Паличка"
"WEAPON_CACTI_CLUB","Cacti Club","Кактусова дубинка"
"WEAPON_LIGHTNING_SHIV","Lightning Shiv","Блискавична заточка"
"WEAPON_DAGGER","Thief Dagger","Кинджал грабіжника"
"WEAPON_GHOST_FLINT","Ghost Flint","Привидний кремінь"
"WEAPON_GHOST_AXE","Ghost Axe","Привидна сокира"
"WEAPON_GHOST_SCEPTER","Ghost Scepter","Примарний скіптр"
"WEAPON_SLINGSHOT","Slingshot","Рогатка"
"WEAPON_MEDICAL_GUN","Medical Gun","Медичний пістолет"
"WEAPON_SHREDDER","Shredder","Шредер"
"WEAPON_WRENCH","Wrench","Гайковий ключ"
"WEAPON_SCREWDRIVER","Screwdriver","Викрутка"
"WEAPON_SWORD","Sword","Меч"
"WEAPON_SHURIKEN","Shuriken","Сюрікен"
"WEAPON_LASER_GUN","Laser Gun","Лазерний пістолет"
"WEAPON_SCISSORS","Scissors","Ножиці"
"WEAPON_HATCHET","Hatchet","Сокира"
"WEAPON_POWER_FIST","Power Fist","Силовий кулак"
"WEAPON_PLASMA_SLEDGEHAMMER","Plasma Sledgehammer","Плазмова кувалда"
"WEAPON_SPIKY_SHIELD","Spiky Shield","Шипастий щит"
"WEAPON_CHOPPER","Chopper","Тесак"
"WEAPON_NUCLEAR_LAUNCHER","Nuclear Launcher","Ядерка на москву"
"WEAPON_OBLITERATOR","Obliterator","Знищувач"
"WEAPON_POTATO_THROWER","Potato Thrower","Картоплестріл"
"WEAPON_THUNDER_SWORD","Thunder Sword","Громовий меч"
"UNIQUE_WEAPON","different weapon","інша зброя"
"DUPLICATE_WEAPON","duplicate weapon","дублікат зброї"
"UPGRADE","Upgrade","Покращення"
"UPGRADE_MAX_HP","Heart","Серце"
"UPGRADE_DAMAGE","Biceps","Біцепс"
"UPGRADE_CRIT_CHANCE","Fingers","Пальці"
"UPGRADE_LUCK","Nose","Ніс"
"UPGRADE_ELEMENTAL_DAMAGE","Brain","Мізки"
"UPGRADE_ARMOR","Chest","Груди"
"UPGRADE_HP_REGENERATION","Lungs","Легені"
"UPGRADE_LIFESTEAL","Teeth","Зуби"
"UPGRADE_MELEE_DAMAGE","Forearms","Передпліччя"
"UPGRADE_PERCENT_DAMAGE","Triceps","Трицепс"
"UPGRADE_DODGE","Back","Спина"
"UPGRADE_ENGINEERING","Skull","Череп"
"UPGRADE_RANGE","Eyes","Очі"
"UPGRADE_RANGED_DAMAGE","Shoulders","Плечі"
"UPGRADE_SPEED","Legs","Ноги"
"UPGRADE_ATTACK_SPEED","Reflexes","Рефлекси"
"UPGRADE_HARVESTING","Hands","Руки"
"ITEM_RIP_AND_TEAR","Rip and Tear","Рвати й шматувати"
"ITEM_EYES_SURGERY","Eyes Surgery","Хірургія очей"
"ITEM_ACID","Acid","Кислота"
"ITEM_ALIEN_MAGIC","Alien Magic","Чужоземна магія"
"ITEM_BABY_ELEPHANT","Baby Elephant","Слоненятко"
"ITEM_BABY_WITH_A_BEARD","Baby with a Beard","Дитинча з бородою"
"ITEM_BANDANA","Bandana","Банан"
"ITEM_BEANIE","Beanie","Шапочка"
"ITEM_BOILING_WATER","Boiling Water","Окріп"
"ITEM_BROKEN_MOUTH","Broken Mouth","Зламаний рот"
"ITEM_CYBERBALL","Cyberball","Кіберкуля"
"ITEM_CYCLOPS_WORM","Cyclops Worm","Черв'як-циклоп"
"ITEM_GLASSES","Glasses","Окуляри"
"ITEM_GOAT_SKULL","Goat Skull","Череп кози"
"ITEM_HELMET","Helmet","Шолом"
"ITEM_INJECTION","Injection","Ін'єкція"
"ITEM_INSANITY","Insanity","Безумство"
"ITEM_LOST_DUCK","Lost Duck","Загублена качка"
"ITEM_MASTERY","Mastery","Майстерність"
"ITEM_METAL_PLATE","Metal Plate","Металева пластина"
"ITEM_MUSHROOM","Mushroom","Гриб"
"ITEM_MUTATION","Mutation","Мутація"
"ITEM_PLANT","Plant","Рослина"
"ITEM_PUMPKIN","Pumpkin","Гарбуз"
"ITEM_SAD_TOMATO","Sad Tomato","Сумний томат"
"ITEM_SCAR","Scar","Шрам"
"ITEM_SCARED_SAUSAGE","Scared Sausage","Налякана сосиска"
"ITEM_SNAKE","Snake","Змія"
"ITEM_SUNGLASSES","Sunglasses","Сонячні окуляри"
"ITEM_TERRIFIED_ONION","Terrified Onion","Налякана цибуля"
"ITEM_UGLY_TOOTH","Ugly Tooth","Гидкий зуб"
"ITEM_WARRIOR_HELMET","Warrior Helmet","Шолом воїна"
"ITEM_WEIRD_FOOD","Weird Food","Дивна їжа"
"ITEM_WISDOM","Wisdom","Мудрість"
"ITEM_HEAD_INJURY","Head Injury","Травма голови"
"ITEM_BUTTERFLY","Butterfly","Метелик"
"ITEM_CLAW_TREE","Claw Tree","Кігтеве дерево"
"ITEM_GENTLE_ALIEN","Gentle Alien","Лагідний прибулець"
"ITEM_LITTLE_MUSCLEY_DUDE","Little Muscley Dude","Маленький м'язистий чувак"
"ITEM_ALIEN_WORM","Alien Worm","Чужозепний хробак"
"ITEM_METAL_DETECTOR","Metal Detector","Металошукач"
"ITEM_TRIANGLE_OF_POWER","Triangle of Power","Трикутник сили"
"ITEM_CHARCOAL","Charcoal","Деревне вугілля"
"ITEM_FUEL_TANK","Fuel Tank","Паливний бак"
"ITEM_MISSILE","Missile","Ракета"
"ITEM_SMALL_MAGAZINE","Small Magazine","Маленький магазин"
"ITEM_HEDGEHOG","Hedgehog","Їжачок"
"ITEM_ENERGY_BRACELET","Energy Bracelet","Енергетичний браслет"
"ITEM_WHEELBARROW","Wheelbarrow","Тачка"
"ITEM_COFFEE","Coffee","Кава"
"ITEM_DEFECTIVE_STEROIDS","Defective Steroids","Дефектні стероїди"
"ITEM_BAG","Bag","Мішок"
"ITEM_ALIEN_BABY","Alien Baby","Чужоземне дитя"
"ITEM_FERTILIZER","Fertilizer","Добрива"
"ITEM_CUTE_MONKEY","Cute Monkey","Мила мавпочка"
"ITEM_BAT","Bat","Кажан"
"ITEM_BEAN_TEACHER","Bean Teacher","Учитель бобів"
"ITEM_GAMBLING_TOKEN","Gambling Token","Ігрова фішка"
"ITEM_HUNTING_TROPHY","Hunting Trophy","Мисливський трофей"
"ITEM_LENS","Lens","Лінза"
"ITEM_RICOCHET","Ricochet","Рикошет"
"ITEM_ALIEN_TONGUE","Alien Tongue","Язик прибульця"
"ITEM_PIGGY_BANK","Piggy Bank","Копілка"
"ITEM_STATUE","Statue","Статуя"
"ITEM_SCOPE","Scope","Приціл"
"ITEM_GLASS_CANNON","Glass Cannon","Скляна гармата"
"ITEM_ALIEN_EYES","Alien Eyes","Очі прибульця"
"ITEM_BLOOD_DONATION","Blood Donation","Донорство крові"
"ITEM_BOXING_GLOVE","Boxing Glove","Боксерскі рукавички"
"ITEM_COUPON","Coupon","Купон"
"ITEM_CROWN","Crown","Корона"
"ITEM_POWER_GENERATOR","Power Generator","Генератор"
"ITEM_RECYCLING_MACHINE","Recycling Machine","Переробник"
"ITEM_VIGILANTE_RING","Vigilante Ring","Перстень месника"
"ITEM_TREE","Tree","Дерево"
"ITEM_TORTURE","Torture","Тортури"
"ITEM_WEIRD_GHOST","Weird Ghost","Дивний привид"
"ITEM_LANDMINES","Landmines","Міни"
"ITEM_BARRICADE","Barricade","Барикада"
"ITEM_LUMBERJACK_SHIRT","Lumberjack Shirt","Сорочка лісоруба"
"ITEM_DUCT_TAPE","Duct Tape","Скотч"
"ITEM_BLINDFOLD","Blindfold","Пов'язка на очі"
"ITEM_PROPELLER_HAT","Propeller Hat","Капелюх-пропелер"
"ITEM_LEMONADE","Lemonade","Лимонад"
"ITEM_MOUSE","Mouse","Миша"
"ITEM_BABY_GECKO","Baby Gecko","Гекончик"
"ITEM_WHITE_FLAG","White Flag","Білий прапор"
"ITEM_BLACK_BELT","Black Belt","Чорний пояс"
"ITEM_TOXIC_SLUDGE","Toxic Sludge","Токсичний осад"
"ITEM_LITTLE_FROG","Little Frog","Маленька жабка"
"ITEM_CANDLE","Candle","Свічки"
"ITEM_CHAMELEON","Chameleon","Хамелеон"
"ITEM_MEDAL","Medal","Медаль"
"ITEM_TRACTOR","Tractor","Трактор"
"ITEM_ROBOT_ARM","Robot Arm","Роборука"
"ITEM_JETPACK","Jet Pack","Реактивний ранець"
"ITEM_MAMMOTH","Mammoth","Мамонт"
"ITEM_CAKE","Cake","Торт"
"ITEM_CAMPFIRE","Campfire","Вогнище"
"ITEM_SHMOOP","Shmoop","Шмуп"
"ITEM_CAPE","Cape","Плащ"
"ITEM_HANDCUFFS","Handcuffs","Наручники"
"ITEM_TURRET_HEALING","Medical Turret","Медична турель"
"ITEM_TURRET","Turret","Турель"
"ITEM_TURRET_ROCKET","Explosive Turret","Вибухова турель"
"ITEM_TURRET_FLAME","Incendiary Turret","Вогнеметна турель"
"ITEM_TURRET_LASER","Laser Turret","Лазерна турель"
"ITEM_BOOK","Book","Книга"
"ITEM_TOOLBOX","Toolbox","Інструментарій"
"ITEM_COG","Cog","Шестерня"
"ITEM_DIPLOMA","Diploma","Диплом"
"ITEM_RETROMATIONS_HOODIE","Retromation’s Hoodie","Гуді Retromation"
"ITEM_POTATO","Potato","Картоплина"
"ITEM_MEDIKIT","Medikit","Аптечка"
"ITEM_BOWLER_HAT","Bowler Hat","Капелюх-котелок"
"ITEM_COMPASS","Compass","Компас"
"ITEM_BIG_ARMS","Big Arms","Велика рука"
"ITEM_LUCKY_CHARM","Lucky Charm","Щасливий талісман"
"ITEM_SPIDER","Spider","Павук"
"ITEM_OCTOPUS","Octopus","Восьменіг"
"ITEM_SNAIL","Snail","Равлик"
"ITEM_PANDA","Panda","Панда"
"ITEM_WHEAT","Wheat","Пшениця"
"ITEM_NIGHT_GOGGLES","Night Goggles","Нічні окуляри"
"ITEM_PADDING","Padding","Підкладка"
"ITEM_FIN","Fin","Плавник"
"ITEM_RITUAL","Ritual","Ритуал"
"ITEM_WHETSTONE","Whetstone","Вітстоун"
"ITEM_GNOME","Gnome","Гном"
"ITEM_FOCUS","Focus","Фокус"
"ITEM_PEACEFUL_BEE","Peaceful Bee","Миролюбна бджілка"
"ITEM_PENCIL","Pencil","Олівець"
"ITEM_BLOOD_LEECH","Blood Leech","Кровосіся"
"ITEM_BANNER","Banner","Бойовий стяг"
"ITEM_SHADY_POTION","Shady Potion","Тіньове зілля"
"ITEM_LEATHER_VEST","Leather Vest","Шкіряний жилет"
"ITEM_WINGS","Wings","Крила"
"ITEM_ALLOY","Alloy","Сплав"
"ITEM_CLOVER","Clover","Конюшина"
"ITEM_POISONOUS_TONIC","Poisonous Tonic","Отруйний тонік"
"ITEM_HEAVY_BULLETS","Heavy Bullets","Важкі кулі"
"ITEM_EXOSKELETON","Exoskeleton","Екзоскелет"
"ITEM_WOLF_HELMET","Wolf Helmet","Вовчий шолом"
"ITEM_GUMMY_BERSERKER","Gummy Berserker","Желейний берсеркер"
"ITEM_PLASTIC_EXPLOSIVE","Plastic Explosive","Пластикова вибухівка"
"ITEM_DYNAMITE","Dynamite","Динаміт"
"ITEM_TYLER","Tyler","Тайлер"
"ITEM_WANDERING_BOT","Wandering Bot","Мандрівний бот"
"ITEM_SIFDS_RELIC","Sifd’s Relic","Реліквія Сіфда"
"ITEM_DANGEROUS_BUNNY","Dangerous Bunny","Небезпечний кролик"
"ITEM_ESTYS_COUCH","Esty’s Couch","Диван Есті"
"CHARACTER_WELL_ROUNDED","Well-Rounded","Кругляч"
"CHARACTER_MASOCHIST","Masochist","Мазохіст"
"CHARACTER_BRAWLER","Brawler","Забіяка"
"CHARACTER_CHUNKY","Chunky","Кремезний"
"CHARACTER_CRAZY","Crazy","Вар'ят"
"CHARACTER_LUCKY","Lucky","Щасливчик"
"CHARACTER_LOUD","Loud","Гучний"
"CHARACTER_MUTANT","Mutant","Мутант"
"CHARACTER_ONE_ARM","One-Armed","Однорукий"
"CHARACTER_RANGER","Ranger","Стрілець"
"CHARACTER_WILDLING","Wildling","Дикун"
"CHARACTER_SPEEDY","Speedy","Швидкун"
"CHARACTER_MAGE","Mage","Маг"
"CHARACTER_KNIGHT","Knight","Лицар"
"CHARACTER_PACIFIST","Pacifist","Пацифіст"
"CHARACTER_INTROVERT","Introvert","Інтроверт "
"CHARACTER_SOLDIER","Soldier","Солдат"
"CHARACTER_GHOST","Ghost","Привид"
"CHARACTER_ENGINEER","Engineer","Інженер"
"CHARACTER_MULTITASKER","Multitasker","Мультизадачко"
"CHARACTER_ENTREPRENEUR","Entrepreneur","Підприємець"
"CHARACTER_DOCTOR","Doctor","Лікар"
"CHARACTER_GENERALIST","Generalist","Всесторонній"
"CHARACTER_SICK","Sick","Хворько"
"CHARACTER_SAVER","Saver","Скнара"
"CHARACTER_GLADIATOR","Gladiator","Гладіатор"
"CHARACTER_FARMER","Farmer","Фермер"
"CHARACTER_EXPLORER","Explorer","Дослідник"
"CHARACTER_OLD","Old","Дідо"
"CHARACTER_DEMON","Demon","Демон"
"CHARACTER_BULL","Bull","Бик"
"EFFECT_ALIEN_EYES","Shoots {0} alien eyes around you every {4} seconds dealing {1} ({3}) damage each","Вистрілює очима навколо вас кожні {4} секунди, що завдають {1} ({3}) шкоди кожне"
"EFFECT_INSTANT_GOLD_ATTRACTING","{0} chance to instantly attract a material when it’s dropped","{0} шанс моментально підібрати матеріал, коли він випадає"
"EFFECT_FREE_SHOP_REROLL","{0} free reroll in the shop","{0} безкоштовне перетосування в магазині"
"EFFECT_CONSUMABLE_HEAL","{0} HP recovered from consumables","Зцілення від фруктів {0}"
"EFFECT_REDUCE_STAT_GAINS","{0} modifications are reduced by {1}","Модифікатори {0} дають на {1} менше"
"EFFECT_INCREASE_STAT_GAINS","{0} modifications are increased by {1}","Модифікатори {0} дають на {1} більше"
"EFFECT_NO_MELEE_WEAPONS","You can't equip melee weapons","Ви не можете спорядити зброю ближнього бою"
"EFFECT_NO_RANGED_WEAPONS","You can't equip ranged weapons","Ви не можете спорядити зброю дальнього бою"
"EFFECT_STARTING_ITEM","You start with {0} {1}","Ви починаєте з {0} {1}"
"EFFECT_WEAPON_CLASS_BONUS","{0} {1} with {2} weapons","{0} {1} з зброї типу {2}"
"EFFECT_WEAPON_BONUS","{0} {1} with {2}","{0} {1} з {2}"
"EFFECT_ONE_WEAPON_SLOT_LIMIT","You can only equip one weapon at a time","Ви можете спорядити тільки одну зброю"
"EFFECT_MAX_WEAPONS","You can equip up to {0} weapons at a time","Ви можете спорядити до {0} одиниць зброї за раз"
"EFFECT_WEAPON_STACK","Deals {0} {1} for every additional {2} you have [{3}]","Завдає {0} {1} за кожен {2} [{3}]"
"EFFECT_BURNING","Deals {0}x{1} ({2}) burning damage","Завдає {0}x{1} ({2}) вогняної шкоди"
"EFFECT_BURNING_COOLDOWN_REDUCTION","Burning activates {0} faster","Горіння активується на {0} швидше"
"","",""
"EFFECT_BURNING_SPREAD_PLURAL","Burning spreads to {0] nearby enemies","Горіння розповсюджується на {0} ворогів поблизу"
"EFFECT_PIERCING","Projectiles pierce through {0} additional target","Снаряди пробивають на {0} більше цілей"
"EFFECT_PROJECTILES_ON_DEATH","One bullet dealing {1} ({3}) damage is fired from an enemy corpse when they die","З трупів ворогів вилітає одна куля, що завдає {1} ({3})"
"EFFECT_BURN_CHANCE","Attacks have a {0} chance to deal {1}x{2} ({3}) burning damage","Атаки мають {0} шанс завдати {1}х{2} ({3}) вогняної шкоди"
"EFFECT_NO_MIN_RANGE","Weapons no longer have a minimum range","Зброя більше не має мінімальної дальності"
"EFFECT_STACK_STAT","{0} {1} every 5 seconds until the end of the wave","{0} {1} кожні 5 секунд до закінчення хвилі"
"EFFECT_DEAL_DMG_WHEN_PICKUP_GOLD","{0} chance to deal {1} ({2}) damage to a random enemy when you pick up a material","{0} шанс завдати {1} ({2}) шкоди випадковому ворогу при підборі матеріалу"
"EFFECT_DEAL_DMG_WHEN_DEATH","{0} chance to deal {1} ({2}) damage to a random enemy when an enemy dies","{0} шанс завдати {1} ({2}) шкоди випадковому ворогу при смерті іншого"
"EFFECT_PIERCING_DAMAGE","{0} Piercing Damage. Can't go above base damage","{0} Пробиваючої шкоди. Не може перевищити базову шкоду"
"EFFECT_BOUNCE_DAMAGE","{0} Bounce Damage. Can't go above base damage"," {0} Шкоди рикошетів. Не може перевищити базову шкоду"
"EFFECT_KNOCKBACK","{0} Knockback","{0} Відкидання"
"EFFECT_START_WAVE_LESS_HP","Start waves with {0} HP","Ви починаєте хвилі з {0} ОЗ"
"EFFECT_REMOVE_SPEED","Hitting an enemy removes {0} of their speed. Max {2}","Удари по ворогам сповільнюють їх на {0}"
"EFFECT_SLOW_IN_ZONE","Slows enemies in a radius around the projectile","Сповільнює ворогів навколо ваших снарядів"
"EFFECT_PACIFIST","Gain {0} material and XP for every living enemy at the end of a wave","Отримуйте {0} матеріалу та досвіду за кожного живого ворога в кінці хвилі"
"EFFECT_UNIQUE_WEAPON_BONUS","{0} {1} for every different weapon you have [{2}]","{0} {1} за кожну споряджену унікальну зброю [{2}]"
"EFFECT_ADDITIONAL_WEAPON_BONUS","{0} {1} for every weapon you have [{2}]","{0} {1} за кожну споряджену зброю [{2}]"
"EFFECT_PICKUP_RANGE","{0} pickup range","{0} Радіусу підбору"
"EFFECT_ON_HIT","{0} {1} when you take damage until the end of the wave","{0} {1} при отриманні шкоди до кінця хвилі"
"EFFECT_PROJECTILES_ON_HIT","Hitting an enemy spawns {0} projectiles dealing {1} ({3}) damage","Удари по ворогам створюють {0} снарядів, що завдають {1} ({3}) шкоди"
"EFFECT_SLOW_PROJECTILES_ON_HIT","Hitting an enemy spawns {0} projectiles that deal {1} ({3}) damage and slow enemies around them","Удари по ворогам створюють {0} снарядів, що завдають {1} ({3}) шкоди та сповільнюють ворогів навколо"
"EFFECT_LIGHTNING_ON_HIT","Hitting an enemy spawns a lightning projectile that bounces {2} times and deals {1} ({3}) damage","Удари по ворогам створюють громовий снаряд, що рикошетить до {2} разів та завдає {1} ({3}) шкоди"
"EFFECT_CHANCE_DOUBLE_GOLD","{0} chance to double the value of picked up materials","{0} шанс подвоїти ціну підібраних патеріалів"
"EFFECT_GAIN_PCT_GOLD_START_WAVE","{0} of your materials at the start of waves","{0} ваших матеріалів на початку кожної хвилі"
"EFFECT_GAIN_PCT_GOLD_START_WAVE_LIMITED","{0} of your materials at the start of waves (stops working at wave {1})","{0} ваших матеріалів на початку кожної хвилі. Перестає працювати на хвилі {1}"
"EFFECT_BOUNCING","Your projectiles gain {0} bounce","Ваші снаряди отримують {0} рикошет"
"EFFECT_HEAL_WHEN_PICKUP_GOLD","{0} chance to heal 1 HP when picking up a material","{0} шанс зцілити 1 ОЗ при підборі матеріалу"
"EFFECT_ITEM_BOX_GOLD","{0} materials when you pick up a crate","{0} матеріалів при підборі ящика"
"EFFECT_ENEMY_SPEED_POS","Enemies move {0} faster","Вороги рухаються на {0} швидше"
"EFFECT_ENEMY_SPEED_NEG","Enemies move {0} slower","Вороги рухаються на {0} повільніше"
"EFFECT_GOLD_ON_CRIT_KILL","{0} material when killing an enemy with a critical hit","{0} шанс отримати 1 матеріал при вбивстві ворога критичним ударом"
"EFFECT_STAT_WHILE_NOT_MOVING","{0} {1} while standing still","{0} {1} якщо ви стоїте на місці"
"EFFECT_HP_START_NEXT_WAVE","Start the next wave with 1 HP","Ви починаєте наступну хвилю з 1 ОЗ"
"EFFECT_GAIN_STAT_END_OF_WAVE","{0} {1} at the end of a wave","{0} {1} наприкінці хвилі"
"EFFECT_CONVERT_STAT_END_OF_WAVE","{0} of your {1} are converted into {2} at the end of a wave ({3} {1} = {4} {2})","{0} вашого {1} конвертується в {2} наприкінці хвилі ({3} {1} = {4} {2})"
"EFFECT_CONVERT_STAT_TEMP_HALF_WAVE","{0} of your {1} are temporarily converted into {2} halfway through a wave ({3} {1} = {4} {2})","{0} вашого {1} тимчасово конвертується в {2} на середині хвилі ({3} {1} = {4} {2})"
"EFFECT_HP_SHOP","You buy items using Max HP instead of materials","Ви купуєте предмети використовуючи Макс. ОЗ замість матеріалів"
"EFFECT_TORTURE","Restore {0} HP per second. Cannot heal any other way.","Відновлює {0} ОЗ за секунду. Неможливо зцілюватися іншими способами."
"EFFECT_RECYCLING_GAINS","Gain {0} more materials from recycling items","Отримуйте на {0} більше матеріалів з переробки предметів"
"EFFECT_ONE_SHOT_TREES","Trees die in one hit","Дерева помирають від одного удару"
"EFFECT_HP_CAP_AT_CURRENT_VALUE","Your Max HP is capped at its current value [{0}]","Ваше Макс ОЗ може перевищити поточне [{0}]"
"EFFECT_LOSE_HP_PER_SECOND","You take {0} damage per second (does not give invulnerability time)","Ви отримуєте {0} шкоду за секунду (Не дає кадри недоторканості)"
"EFFECT_GAIN_STAT_FOR_EVERY_STAT","{0} {1} for every {2} {3} you have [{4}]","{0} {1} за кожні {2} {3} [{4}]"
"EFFECT_GAIN_STAT_FOR_EVERY_PERM_STAT","{0} {1} for every permanent {2} {3} you have [{4}]","{0} {1} за кожні перманентні {2} {3} [{4}]"
"EFFECT_CANT_STOP_MOVING","You can’t stop moving","Ви не можете зупинитися"
"EFFECT_MAX_RANGED_AND_MELEE_WEAPON","You can only equip one ranged weapon and one melee weapon at a time","Ви можете спорядити тільки одну зброю для дальнього та ближнього бою водночас"
"EFFECT_MAX_MELEE_WEAPONS","You can only equip {0} melee weapons at a time","Ви можете спорядити тільки {0} одиниць зброї ближнього бою водночас"
"EFFECT_MAX_RANGED_WEAPONS","You can only equip {0} ranged weapons at a time","Ви можете спорядити тільки {0} одиниць зброї дальнього бою водночас"
"EFFECT_SHAKY","Your weapons aim randomly","Ваша зброя прицілюється випадково"
"EFFECT_FIXED_WEAPONS_DIRECTION","Your weapons shoot at a fixed random direction set at the beginning of each wave","Ваша зброя стріляє у фіксованому випадковому напрямку, який задається на початку кожної хвилі"
"EFFECT_DODGE_CAP","Dodge is capped at {0}","Макс. ухиляння: {0}"
"EFFECT_HP_CAP","Max HP is capped at {0}","Макс. ОЗ: {0}"
"EFFECT_GOLD_ON_CRIT_KILL","{0} chance to gain 1 material when killing an enemy with a critical hit","{0} шанс отримати 1 матеріал при вбивстві ворога критичним ударом"
"EFFECT_GAIN_STAT_EVERY_KILLED_ENEMIES","{0} {1} for every {2} enemies you kill during a wave with this weapon","{0} {1} кожних {2} ворогів вбитих за хвилю з цією зброєю"
"EFFECT_EXPLODE_MELEE","{0} chance to explode on hit","{0} шанс створити вибух при ударі"
"EFFECT_EXPLODE","Projectiles explode on hit","Снаряди вибухають при ударі"
"EFFECT_EXPLODE_CUSTOM","Projectiles have {0} chance to explode on hit","Снаряди мають {0} шанс вибухнути при ударі"
"EFFECT_BOUNCE_ON_CRIT","Bounces up to {0} times on critical hit","Рикошетить до {0} разів при критичному ударі"
"EFFECT_LANDMINES","A landmine spawns every {1} seconds dealing {2} ({3}) damage in an area","Міна з'являється кожні {0} секунд та завдає {2} ({3}) шкоди в області при активації"
"EFFECT_TURRET","Spawns a turret that shoots bullets dealing {0} ({1}) damage","Встановлює турель, що стріляє кулями, що завдають {0} ({1}) шкоди"
"EFFECT_TURRET_HEALING","Spawns a medical turret that shoots bullets healing {0} ({1}) HP","Встановлює медичну турель, що стріляє в вас, зцілюючи на {0} ({1}) ОЗ"
"EFFECT_TURRET_FLAME","Spawns a turret that shoots flames dealing {0}x{1} ({2}) burning damage","Встановлює турель, що стріляє вогнем, завдаючи {0}х{1} ({2}) вогняної шкоди"
"EFFECT_TURRET_ROCKET","Spawns a turret that shoots explosive bullets dealing {0} ({1}) damage in an area","Встановлює турель, що стріляє вибуховими кулями, завдаючи {0} ({1}) шкоди в області"
"EFFECT_TURRET_LASER","Spawns a turret that shoots piercing bullets dealing {0} ({1}) damage","Встановлює турель, що стріляє пробиваючими кулями, що завдають {0} ({1}) шкоди"
"EFFECT_GROUP_STRUCTURES","Structures spawn close to each other","Споруди з'являються ближче один до одної"
"EFFECT_DOUBLE_HP_REGEN","HP Regeneration is doubled","Регенерація ОЗ подвоєна"
"EFFECT_CANT_ATTACK_WHILE_MOVING","You can’t attack while moving","Ви не можете атакувати під час руху"
"EFFECT_NO_WEAPONS","You can’t equip weapons","Ви не можете спорядити цю зброю"
"EFFECT_EXPLODE_ON_DEATH","Enemies have a {0} chance to explode for {1} ({2}) damage when they die","Вороги мають {0} шанс вибухнути при смерті, завдаючи {1} ({2}) шкоди"
"EFFECT_EXPLODE_ON_HIT","You explode for {1} ({2}) damage when you take damage","Ви вибухаєте, завдаючи {1} ({2}) шкоди при отриманні шкоди"
"EFFECT_TREES","More trees spawn","З'являється більше дерев"
"EFFECT_TREES_START_WAVE","Trees have a chance to spawn at the start of a wave","Дерева мають шанс з'явитися на початку хвилі"
"EFFECT_GENERALIST","You can only equip {0} melee weapons and {0} ranged weapons at a time","Ви можете спорядити тільки {0} одиниць зброї ближнього бою та дальнього бою водночас"
"EFFECT_MIN_WEAPON_TIER","You can only equip tier {0} weapons or above","Ви можете спорядити тільки зброю рівня {0} або вище"
"EFFECT_MAX_WEAPON_TIER","You can’t equip weapons above tier {0}","Ви не можете спорядити зброю вище рівня {0}"
"EFFECT_GOLD_DROPS","{0} materials dropped","{0} матеріалів"
"EFFECT_NEUTRAL_GOLD_DROPS","{0} materials dropped from trees","{0} матеріалів з дерев"
"EFFECT_ENEMY_GOLD_DROPS","{0} materials dropped from enemies","{0} матеріалів з ворогів"
"EFFECT_HARVESTING_GROWTH","Harvesting increases by an additional {0} at the end of a wave","Жниварство збільшується на {0} наприкінці кожної хвилі"
"EFFECT_EXPLORER","More trees spawn and they die in one hit","З'являється більше дерев та вони помирають з одного удару"
"EFFECT_WANDERING_BOT","Spawns a little bot that slows down nearby enemies","Створює маленького робота, що сповільнює ворогів поблизу"
"EFFECT_TYLER","Spawns a little guy that slowly shoots {2} piercing lightning projectiles around him for {0} ({1}) damage each","Встановлює мага, що періодично стріляє {2} пробивними блискавками, що завдають {0} ({1}) шкоди кожна, навколо себе"
"DIFFICULTY_NB","Danger {0}","Складність {0}"
"ENDLESS","Endless","Нескінченний"
"EFFECT_NO_MODIFIERS","No modifiers","Без модифікаторів"
"EFFECT_STRONGER_ENEMIES","Enemies are stronger","Вороги сильніші"
"EFFECT_NEW_ENEMIES","New enemies appear","З'являються нові вороги"
"EFFECT_INFLATION","Inflation is higher","Інфляція більше"
"EFFECT_LESS_MATERIALS","Enemies drop less materials","Менше матеріалів з ворогів"
"EFFECT_STRONGER_BOSSES","Bosses are stronger","Боси сильніші"
"EFFECT_DOUBLE_BOSS","Two bosses appear at once","Два боси замість одного"
"ENDLESS_DESCRIPTION","Survive as long as possible against never-ending waves of enemies","Виживіть якомога довше проти нескінченних хвиль ворогів"
"ENDLESS_SCORE_STORING","Endless score","Рахунок"
"HIGHEST_WAVE","Highest wave","Найбільша хвиля"
"HIGHEST_DIFFICULTY","Highest difficulty","Найвища складність"
"BG_DIRT","Dirt","Ґрунт"
"BG_FOREST","Forest","Ліс"
"BG_DREAMY_LANDS","Dreamy Lands","Омріяні землі"
"BG_BONEYARD","Boneyard","Цвинтар"
"BG_VOLCANO","Volcano","Вулкан"
"BG_DARKLANDS","Dark Lands","Темні землі"
"CHAL_DIFFICULTY_DESC","Win a run in Danger {0}","Виграти на складності {0}"
"UNLOCK_DIFFICULTY_DESC","Win a run using the previous difficulty","Виграти забіг на попередній складності"
"CHAL_SURVIVOR","Survivor {0}","Вцілілий {0}"
"CHAL_SURVIVOR_DESC","Kill {0} enemies","Вбити {0} ворогів"
"CHAL_GATHERER","Gatherer {0}","Зібрати {0}"
"CHAL_GATHERER_DESC","Collect {0} materials","Зібрати {0} матеріалів"
"CHAL_CHARACTER_DESC","Win a run with {0}","Виграти за {0}"
"CHAL_TURRETS","Builder","Будівельник"
"CHAL_TURRETS_DESC","Get {0} turrets on the map simultaneously","Мати {0} турелей на мапі одночасно"
"CHAL_HOARDER","Hoarder","Барахольник"
"CHAL_HOARDER_DESC","Hold {0} materials","Накопичити {0} матеріалу"
"CHAL_HALLUCINATION","Hallucination","Галюцинація"
"CHAL_STAT_DESC","Reach {0} {1}","Досягнути {0} {1}"
"CHAL_FAST","Fast","Швидкий"
"CHAL_MEDICINE","Medicine","Медицина"
"CHAL_MEDICINE_DESC","Heal {0} HP in one wave","Зцілити {0} ОЗ за одну хвилю"
"CHAL_DYING","Dying","Помираючий"
"CHAL_AGRICULTURE","Agriculture","Агрокультура"
"CHAL_ROOKIE","Rookie","Новобранець"
"CHAL_ROOKIE_DESC","Die for the first time","Перша смерть"
"CHAL_LUMBERJACK","Lumberjack","Лісник"
"CHAL_LUMBERJACK_DESC","Kill {0} trees","Вбити {0} дерев"
"UNIQUE","Unique","Унікальне"
"LIMITED","Limited ({0})","Лімітоване ({0})"
"MENU_EXPLOSIONS","Explosions","Вибухи"
"MENU_GOLD_SOUNDS","Change material sounds","Змінити звук матеріалу"
"MENU_GENERAL","General","Загальні"
"MENU_KEEP_LOCK","Keep items locked","Зберігати предмети закріпленими"
"MENU_DARKEN_SCREEN","Screen darkening","Потемніння екрана"
"MENU_BOSS_HP_BAR","HP bar on bosses","Полоска здоров'я на босах"
"MENU_MUTE_ON_FOCUS_LOST","Mute on losing focus","Заглушити при згортанні"
"MENU_PAUSE_ON_FOCUS_LOST","Pause on losing focus","Призупинити при згортанні"
"MENU_MANUAL_AIM_ON_MOUSE_PRESS","Manual Aim on mouse press","Пріцілювання по натисканню клавіші"
"MENU_RESOLUTION","Resolution","Роздільність"
"MENU_PROJECTILES_HIGHLIGHTING","Projectiles Highlighting","Підсвічування снарядів"
"CORRUPTED_SAVE","Your save file was corrupted. A backup was used, some progress might have been lost.","Ваш файл збереження було пошкоджено. Було використано резервну копію, деякий прогрес могло бути втрачено."
"CORRUPTED_SAVE_LATEST","Your save file was corrupted. A backup was used, the progress from your last session might have been lost.","Ваш файл збереження було пошкоджено. Було використано резервну копію, прогрес з останнього сеансу міг бути втрачений."
"CORRUPTED_ALL_SAVES_STEAM","All of your save files were corrupted. A save file has been recreated from your Steam achievements, some progress might have been lost.","Усі ваші файли збережень було пошкоджено. Файл збереження було створено з ваших досягнень у Steam, деякі досягнення могли бути втрачені."
"CORRUPTED_ALL_SAVES_NO_STEAM","All of your save files were corrupted. Please launch the game from Steam so a save file can be recreated from your Steam achievements.","Усі ваші файли збережень було пошкоджено. Будь ласка, запустіть гру зі Steam, щоб можна було відтворити файл збереження з ваших досягнень у Steam."
"EFFECT_ELITES","Elites and hordes appear","З'являються еліти та орди"
"EFFECT_MORE_ELITES","More elites and hordes appear","З'являється більше еліт і орд"
"CHARACTER_HUNTER","Hunter","Мисливець"
"CHARACTER_ARTIFICER","Artificer","Винахідник"
"ITEM_EXPLOSIVE_SHELLS","Explosive Shells","Розривні снаряди"
"CHAL_FIREWORKS","Fireworks","Феєрверки"
"CHAL_FIREWORKS_DESC","Kill {0} enemies with a single explosion","Вбити {0} ворогів одним вибухом"
"CHAL_PERFECT_VISION","Perfect Vision","Ідеальний зір"
"WEAPON_CROSSBOW","Crossbow","Арбалет"
"EFFECT_PIERCE_ON_CRIT","Pierces up to {0} times on critical hit","Пробиває до {0} ворогів при криті"
"WEAPON_SNIPER_GUN","Sniper Gun","Снайперська гвинтівка"
"ELITE_APPEARING","An elite will appear on wave {0}","Еліта з'явиться на хвилі {0}"
"HORDE_APPEARING","A horde will appear on wave {0}","Орда з'явиться на хвилі {0}"
"ITEM_GRINDS_MAGICAL_LEAF","Grind's Magical Leaf","Чарівний листок Ґрінда"
"EFFECT_ADD_ALL_STATS_END_OF_WAVE","{0} to all stats at the end of a wave","{0} до всіх характеристик в кінці хвилі"
"WEAPON_CLASS_MEDIEVAL","Medieval","Середньовічне"
"WEAPON_PLANK","Plank","Дошка"
"DAMAGE_DEALT_LAST_WAVE","This weapon has dealt {0} damage during the last wave","Ця зброя завдала {0} шкоди за останню хвилю"
"ITEM_TARDIGRADE","Tardigrade","Тардиґрада"
"ITEM_STRANGE_BOOK","Strange Book","Дивна книга"
"EFFECT_HIT_PROTECTION","Nullifies the damage of one hit taken every wave","Зводить нанівець шкоду від одного удару, отриманого кожної хвилі"
"NULLIFIED","Nullified","Анульовано"
"ITEM_POTION","Regeneration Potion","Зілля регенерації"
"EFFECT_DOUBLE_HP_REGEN_BELOW_HALF_HEALTH","HP Regeneration is doubled when you have less than 50% health","Регенерація ОЗ подвоєна, коли ви маєте менше 50% здоров'я"
"ITEM_ANVIL","Anvil","Ковадло"
"EFFECT_UPGRADE_RANDOM_WEAPON","A random weapon is upgraded when entering a shop. If you have no weapon to upgrade, you gain {0} {1} instead.","Випадкова зброя покращується, коли ви заходите до магазину. Якщо у вас немає зброї для покращення, ви отримуєте {0} {1} замість цього."
"CHARACTER_ARMS_DEALER","Arms Dealer","Торговець зброєю"
"WEAPONS_PRICE","Weapons Price","Ціна зброї"
"EFFECT_MINIMUM_WEAPON_IN_SHOP","Shops always sell at least one weapon","У магазинах завжди продається принаймні одна одиниця зброї"
"EFFECT_MINIMUM_WEAPONS_IN_SHOP","Shops always sell at least {0} weapons","У магазинаг завше є принаймні {0} одиниць зброї"
"EFFECT_DESTROY_WEAPONS","All of your weapons are destroyed when entering a shop","Вся ваша зброя руйнується при заході в магазин"
"CHAL_RECYCLING","Recycling","Переробка"
"CHAL_RECYCLING_DESC","Recycle {0} weapons during a run","Переробити {0} зброї за один забіг"
"CHARACTER_STREAMER","Streamer","Стример"
"CHAL_SLOW","Slow","Повільно"
"ITEM_COMMUNITY_SUPPORT","Community Support","Підтримка спільноти"
"STRUCTURE","Structure","Структура"
"PRIMARY","Primary","Основне"
"SECONDARY","Secondary","Вторинне"
"PICKUP_RANGE","% Pickup Range","% Радіусу збору"
"CONSUMABLE_HEAL","Consumable Heal","Зцілення від фруктів"
"BURNING_COOLDOWN_REDUCTION","% Burning Speed","% Швидкість горіння"
"BURNING_SPREAD","Burning Spread","Розповсюдження вогню"
"CHANCE_DOUBLE_GOLD","% Double Material Chance","% Шанс подвійного матеріалу"
"CHANCE_HEAL_ON_GOLD","% Materials Healing","% Зцілення матеріалами"
"ITEM_BOX_GOLD","Materials in crates","Матеріалів в коробках"
"TREES","Trees","Дерев"
"FREE_REROLLS","Free Rerolls","Безкоштовних перетосувань"
"PCT_NUMBER_OF_ENEMIES","% Enemies","% Ворогів"
"PCT_ENEMY_SPEED","% Enemy Speed","% Швидкості ворогів"
"DAMAGE_DEALT","Damage dealt: {0}","Заподіяно шкоди: {0}"
"STATS_GAINED","Stats gained: {0}","Характеристик отримано: {0}"
"MATERIALS_SAVED","Materials saved: {0}","Збережено матеріалів: {0}"
"MATERIALS_GAINED","Materials gained: {0}","Отримано матеріалів: {0}"
"HEALTH_RECOVERED","HP recovered: {0}","Відновлено ОЗ: {0}"
"TREES_SPAWNED","Trees spawned: {0}","Створено дерев: {0}"
"CURRENT_LEVEL","Current Level","Поточний рівень"
"MENU_OPTIMIZE_END_WAVES","Optimize end of waves","Оптимізація кінців хвиль"
"EFFECT_GAIN_STAT_FOR_EVERY_ENEMY","{0} {1} for every current living enemy [{4}]","{0} {1} за кожного наразі живого ворога [{4}]"
"EFFECT_GOLD_WHILE_NOT_MOVING","{0} of your materials ({2} max) per second while standing still","{0} ваших матеріалів ({2} макс.) за секунду поки ви не рухаєтеся"
"EFFECT_GOLD_WHILE_MOVING","{0} of your materials ({2} max) per second while moving","{0} ваших матеріалів ({2} макс.) за секунду під час руху"
"EFFECT_STAT_WHILE_MOVING","{0} {1} while moving","{0} {1} під час руху"
"MENU_MODS","Mods","Модифікації"
"MENU_EDITOR","Editor","Редактор"
"MENU_WORKSHOP","Browse Workshop","Відвідати майстерню"
"CHAL_HUNGRY","Hungry","Голод"
"CHAL_HUNGRY_DESC","Pick up {0} consumables during a run","Підібрати {0} фруктів за один забіг"
"CHAL_ADVANCED_TECHNOLOGY","Advanced Technology","Передові технології"
"CHAL_ADVANCED_TECHNOLOGY_DESC","Reach {0} {1} and get {2} structures at the same time","Досягнути {0} {1} та отримати {2} структур водночас"
"CHAL_GIANT_SLAYER","Giant Slayer","Убився гігантів"
"CHAL_GIANT_SLAYER_DESC","Kill a boss or an elite in less than {0} seconds","Вбити боса чи еліту за {0} або менше секунд"
"CHAL_ROBUST","Robust","Міцний горішок"
"CHARACTER_GLUTTON","Glutton","Ненажера"
"CHARACTER_CYBORG","Cyborg","Кіборг"
"CHARACTER_JACK","Jack","Джек"
"CHARACTER_LICH","Lich","Ліч"
"ITEM_BLOODY_HAND","Bloody Hand","Кривава рука"
"ITEM_EXTRA_STOMACH","Extra Stomach","Додатковий шлунок"
"ITEM_SPICY_SAUCE","Spicy Sauce","Гострий соус"
"ITEM_TENTACLE","Tentacle","Тентакля"
"ITEM_SILVER_BULLET","Silver Bullet","Срібна куля"
"ITEM_BAIT","Bait","Приманка"
"ITEM_PEACOCK","Peacock","Павич"
"ITEM_LUCKY_COIN","Lucky Coin","Щаслива монетка"
"ITEM_ADRENALINE","Adrenaline","Адреналін"
"ITEM_RIPOSTE","Riposte","Удар у відповідь"
"ITEM_GARDEN","Garden","Грядка"
"ITEM_IMPROVED_TOOLS","Improved Tools","Покращені інструменти"
"ITEM_GIANT_BELT","Giant Belt","Гігантський пояс"
"WEAPON_REVOLVER","Revolver","Револьвер"
"WEAPON_JOUSTING_LANCE","Jousting Lance","Лицарський спис"
"WEAPON_PRUNER","Pruner","Секатор"
"EFFECT_DEAL_DMG_WHEN_HEAL","{0} chance to deal {1} ({2}) damage to a random enemy when you heal","{0} шанс завдати {1} ({2}) шкоди випадковому ворогу при зціленні"
"EFFECT_DEAL_DMG_WHEN_DODGE","{0} chance to deal {1} ({2}) damage to an enemy when dodging their attack","{0} шанс завдати {1} ({2}) шкоди ворогу при ухиленні від його атаки"
"EFFECT_HEAL_WHEN_DODGE","{0} chance to heal {1} HP when dodging an attack","{0} шанс зцілити {1} ОЗ при ухиленні від атаки"
"EFFECT_EXTRA_ENEMIES_NEXT_WAVE","Special enemies appear at the beginning of the next wave","Спеціальні вороги з'являються на початку наступної хвилі"
"EFFECT_STAT_NEXT_WAVE","{0} {1} during the next wave","{0} {1} протягом наступної хвилі"
"ENEMY_SPEED","% Enemy Speed","% Швидкості ворогів"
"ENEMY_HEALTH","% Enemy health","% Здоров'я ворогів"
"ENEMY_DAMAGE","% Enemy damage","% Шкоди ворогів"
"EFFECT_DAMAGE_AGAINST_BOSSES","{0} damage against bosses and elites","{0} шкоди проти босів та еліток"
"EFFECT_CONSUMABLE_STAT_WHILE_MAX","{0} {1} when picking up a consumable while at maximum health","{0} {1} при підборі фруктів з повним здоров'ям"
"EFFECT_CONSUMABLE_STAT_WHILE_MAX_LIMITED","{0} {1} when picking up a consumable while at maximum health (max {2} per wave)","{0} {1} при підборі фруктів з повним здоров'ям (Максимально {2} за хвилю)"
"EFFECT_EXPLODE_ON_CONSUMABLE","Consumables have a {0} chance to explode for {1} ({2}) damage when picked up","Фрукти мають {0} шанс вибухнути при підборі, завдаючи {1} ({2})"
"EFFECT_HEAL_ON_CRIT_KILL","{0} chance to heal 1 HP when killing an enemy with a critical hit","{0} шанс зцілити 1 ОЗ при вбивстві ворога критичним ударом"
"EFFECT_GARDEN","Spawns a garden that creates a fruit every {0} seconds","Створює грядку, що генерує фрукти кожні {0} секунд"
"EFFECT_GIANT_CRIT_DAMAGE","Critical hits deal {0} of an enemy’s current health as bonus damage ({1} for bosses and elites)","Критичні удари завдають {0} від поточного здоров'я ворога як бонусною шкодою ({1} для босів та еліт)"
"EFFECT_STRUCTURES_COOLDOWN_REDUCTION","Reduces the attack cooldown of your structures by {0} ({1})","Скорочує час між пострілами ваших турелей на {0} ({1})"
"EFFECT_PCT_STACK_STAT","{0} of your base {1} every 5 seconds until the end of the wave","{0} від вашого базового {1} кожні 5 секунд до закінчення хвилі"
"EFFECT_PCT_START_WAVE_STAT","You start each wave with {0} {1}","Ви починаєте хвилі з {0} {1}"
"ADDITIONAL_COOLDOWN_EVERY_X_SHOTS","Cooldown is {0} every {1} shots","Перезаряджання {0} кожні {1} постріли"
"MENU_RESET_TO_DEFAULT","Reset to Default","Скинути до початкових"
"DAMAGE_AGAINST_BOSSES","% Damage against bosses","% Шкоди проти босів"
"CHARACTER_FISHERMAN","Fisherman","Рибак"
"CHARACTER_CRYPTID","Cryptid","Криптид"
"CHARACTER_KING","King","Король"
"CHARACTER_APPRENTICE","Apprentice","Учень"
"CHARACTER_GOLEM","Golem","Ґолем"
"CHARACTER_RENEGADE","Renegade","Відступник"
"WEAPON_EXCALIBUR","Excalibur","Ескалібур"
"WEAPON_FIGHTING_STICK","Fighting Stick","Бойовий патик"
"WEAPON_CHAIN_GUN","Chain Gun","Ручний кулемет"
"WEAPON_SCYTHE","Scythe","Коса"
"WEAPON_DRILL","Drill","Бур"
"WEAPON_GATLING_LASER","Gatling Laser","Лазер Гатлинга"
"WEAPON_CLAW","Claw","Кіготь"
"ITEM_SHARP_BULLET","Sharp Bullet","Гостра куля"
"ITEM_LURE","Lure","Приманка"
"ITEM_POCKET_FACTORY","Pocket Factory","Кишеньковий завод"
"ITEM_SHACKLES","Shackles","Кайдани"
"ITEM_FAIRY","Fairy","Фея"
"ITEM_STONE_SKIN","Stone Skin","Кам'яна шкіра"
"CHAL_BAITED","Baited","Приманений"
"CHAL_FOREST","Forest","Ліс"
"CHAL_BOURGEOISIE","Bourgeoisie","Буржуазія"
"CHAL_STUDENT","Student","Студент"
"CHAL_RECKLESS","Reckless","Нерозважливий"
"CHAL_SCAVENGER","Scavenger","Сміттяр"
"CHAL_ITEM_DESC","Get {0} {2} during a run","Отримайте {0} {2} протягом забігу"
"CHAL_STUDENT_DESC","Reach level {0}","Досягніть рівня {0}"
"CHAL_RECKLESS_DESC","Finish a wave with {0} HP","Завершіть хвилю з {0} ОЗ"
"CHAL_BOURGEOISIE_DESC","Get {0} tier {2} weapons at once","Отримайте {2} одиниць зброї {0} рівню водночас"
"CHAL_FOREST_DESC","Finish a wave with {0} or more living trees","Закінчіть хвилю з {0} або більше дерев на мапі"
"CHAL_SCAVENGER_DESC","Get {0} different tier {2} items during a run","Отримайте {0} різних предметів {2} рівню протягом забігу"
"WEAPON_CLASS_LEGENDARY","Legendary","Легендарна"
"EFFECT_PIERCING_DAMAGE_SHORT","{0} Piercing Damage","{0} Пробивної шкоди"
"EFFECT_SPEED_CAP_AT_CURRENT_VALUE","Your Speed is capped at its current value [{0}]","Ваша швидкість не зможе бути вище поточного значення [{0}]"
"COMMON_ITEM","Tier I item","Предмет I рівню"
"LEGENDARY_ITEM","Tier IV item","Предмет IV рівню"
"EFFECT_GAIN_STAT_FOR_EVERY_DIFFERENT_STAT","{0} {1} for every different {3} you have [{4}]","{0} {1} за кожну {3}, що ви маєте [{4}]"
"EFFECT_EXTRA_LOOT_ALIENS_NEXT_WAVE","{0} additional loot aliens appear during the next wave","{0} додаткової здобичі з прибульців протягом наступної хвилі"
"EFFECT_TIER_IV_WEAPON_BONUS","{0} {1} for every Tier IV weapon you have [{2}]","{0} {1} за кожну вашу зброю IV рівня [{2}]"
"EFFECT_TIER_I_WEAPON_BONUS","{0} {1} for every Tier I weapon you have [{2}]","{0} {1} за кожну вашу зброю I рівня [{2}]"
"EFFECT_STAT_ON_LEVEL_UP","{0} {1} when you level up","{0} {1} при підвищенні рівня"
"EFFECT_STAT_BELOW_HALF_HEALTH","{0} {1} when you have less than 50% health","{0} {1} коли ви маєте менше ніж 50% здоров'я"
"EFFECT_NO_HEAL","You can’t heal in any way","Ви не можете зцілитися, взагалі, ніяк"
"EFFECT_TREE_TURRET","Killing a tree spawns a turret","Вбивство дерева створює турель"
"EFFECT_GUARANTEED_SHOP_ITEM","Shops always sell a {0}","У магазині завжди є {0}"
"EFFECT_SPECIFIC_ITEM_PRICE","{0} {1} price","{0} {1} ціни"
"EFFECT_SPECIAL_ENEMIES_LAST_WAVE","Special enemies appear throughout wave {0}","Спеціальні вороги з'являються протягом хвилі {0}"
"EFFECT_GAIN_STAT_FOR_EVERY_TREE","{0} {1} for every current living tree [{4}]","{0} {1} за кожне живе дерево [{4}]"
"EFFECT_TEMP_STAT_ON_DODGE","{0} {1} until the end of the wave when you dodge an attack","{0} {1} до кінця хвилі при ухиленні від атаки"
"EFFECT_PROJECTILES","{0} projectiles","{0} снарядів"
"EFFECT_ACCURACY","{0} accuracy","{0} точності"
"EFFECT_BURNING_SPREAD","Burning spreads to an additional nearby enemy","Горіння розповсюджується на ворога поблизу"
"EFFECT_UPGRADED_BAITS","Baits make some special enemies spawn throughout all future waves","Наживки викликають деяких спеціальних ворогів протягом усіх наступних хвиль"
"EFFECT_CRYPTID","Gain {0} material and XP for every living tree at the end of a wave","Отримуйте {0} матеріалу та досвіду за кожне живе дерево наприкінці хвилі"
